Workbook

Sheet Instructions
A1: Perform the following in the dataset from the 'Dataset' sheet.
B3: 1) Handling Missing Values:
C4: • Check for missing values in the 'Price' column. How would you handle products with missing price information?
C5: • If there are products with missing categories, propose a strategy to impute or deal with these missing values effectively.
B7: 2) Correcting Inconsistent Data:
C8: • Identify any inconsistent text formats present in the "Product Name" column.
C9: • Identify any typos present in the "Category" column.
C10: • Use the find and replace function to standardize the text formats in the "Product Name" column and fix any typos or misspellings in the "Category" column.
B12: 3) Removing Duplicates:
C13: • Identify any duplicate rows within the dataset based on the entirety of each row, and remove them if any.
B15: 4) Splitting and Merging Data:
C16: • Split the "Product ID" column into two separate columns for " Manufacturing Date" and "Country Code". Remove unnecessary characters, if any.
C17: • Merge the "Brand Name" and "Product Name" columns into one column named "Product Brand".
B19: 5) Number Formatting:
C20: • Format the data type of the "Price" column to currency format.
C21: • Format the "Manufacturing Date" column to display dates in the "DD-MM-YYYY " format.
B23: 6) Conditional Formatting:
C24: • Apply data bar or color scales conditional formatting in the "Price" column.
C25: • Create a custom rule for conditional formatting in the "Category" column to highlight cells where the category is "Electronics."

Sheet Dataset
A1: Product ID | B1: Product Name | C1: Brand Name | D1: Price ($) | E1: Quantity | F1: Category | G1: Column1
A2: 28-JAN-US | B2: laptop | C2: Dell | D2: 1000 | E2: 30 | F2: Electronics
A3: 15-FEB-US | B3: Sneakers | C3: Nike | D3: 80 | E3: 15 | F3: Fashion
A4: 03-MAR-US | B4: Coffee Maker | C4: Keurig | D4: 130 | E4: 40 | F4: Kitchen
A5: 11-APR-US | B5: smartphone | C5: Samsung | D5: 900 | E5: 25 | F5: Electronics
A6: 22-MAY-US | B6: Backpack | C6: North Face | D6: 70 | E6: 20
A7: 07-JUN-UK | B7: Headphones | C7: Sony | E7: 45 | F7: Electroni
A8: 19-JUL-UK | B8: T-shirt | C8: Adidas | D8: 30 | E8: 5 | F8: Fashion
A9: 23-AUG-UK | B9: Blender | C9: Ninja | D9: 90 | E9: 35 | F9: Kitchen
A10: 05-SEP-UK | B10: Tablet | C10: Apple | D10: 500 | E10: 50 | F10: Electronics
A11: 14-OCT-UK | B11: Hiking Boots | C11: Timberland | D11: 130 | E11: 10 | F11: Outdoor
A12: 17-JUN-IN | B12: Laptop | C12: HP | D12: 950 | E12: 25 | F12: Electronics
A13: 25-NOV-AU | B13: Sneakers | C13: Adidas | D13: 90 | E13: 40
A14: 08-DEC-DE | B14: Coffee Maker | C14: Nespresso | D14: 120 | E14: 35
A15: 18-FEB-CA | B15: Smartwatch | C15: Fitbit | D15: 150 | E15: 15 | F15: Electroni
A16: 16-APR-ES | B16: headphones | C16: Bose | D16: 250 | E16: 20 | F16: Electroni
A17: 21-AUG-CA | B17: Laptop Bag | C17: Samsonite | D17: 50 | E17: 35 | F17: Accessories
A18: 20-AUG-CN | B18: Smartwatch | C18: Huawei | D18: 160 | E18: 15 | F18: Electroni
A19: 27-JAN-IT | B19: laptop | C19: Asus | D19: 980 | E19: 10 | F19: Electronics
A20: 01-MAR-UK | B20: Sunglasses | C20: Oakley | D20: 150 | E20: 15 | F20: Fashion
A21: 14-AUG-US | B21: Camping Tent | C21: Coleman | E21: 10 | F21: Outdoor
A22: 14-MAY-RU | B22: Camera | C22: Nikon | D22: 700 | E22: 50 | F22: Electronics
A23: 09-JAN-CA | B23: Microwave | C23: Panasonic | D23: 80 | E23: 20 | F23: Kitchen
A24: 19-JUL-BR | B24: Fitness Tracker | C24: Xiaomi | D24: 150 | E24: 30
A25: 29-SEP-CA | B25: Smartphone | C25: Google | D25: 800 | E25: 45 | F25: Electronics
A26: 03-JUN-CA | B26: Sunglasses | C26: Ray-Ban | E26: 25 | F26: Fashion
A27: 11-JUL-CA | B27: Blender | C27: Vitamix | D27: 400 | E27: 40 | F27: Kitchen
A28: 07-MAR-CA | B28: Dress | C28: Zara | D28: 60 | E28: 30 | F28: Fashion
A29: 13-APR-CA | B29: Toaster | C29: Hamilton | D29: 40 | E29: 10 | F29: Kitchen
A30: 24-MAY-CA | B30: Fitness Tracker | C30: Garmin | D30: 130 | E30: 5 | F30: Electronics
A31: 02-DEC-CA | B31: Jeans | C31: Levi's | D31: 50 | E31: 50 | F31: Fashion
A32: 09-JUL-FR | B32: Watch | C32: Casio | D32: 100 | E32: 20 | F32: Accessories

Sheet Table13_1
A1: Manufacturing Date | B1: Country Code | C1: Product Brand | D1: Price ($) | E1: Price ($) | F1: Quantity | G1: Category
A2: 45685 | B2: US | C2: =PROPER(CONCATENATE(Table1[[#This Row],[Brand Name]]," ",Table1[[#This Row],[Product Name]])) -> Dell Laptop | D2: 1000 | E2: =IF(Table1[[#This Row],[Price ($)]]="",AVERAGEIF($G$2:$G$32,Table13_1!$G2,$D$2:$D$32),Table1[[#This Row],[Price ($)]]) -> 1000 | F2: 30 | G2: Electronics
A3: 45703 | B3: US | C3: =PROPER(CONCATENATE(Table1[[#This Row],[Brand Name]]," ",Table1[[#This Row],[Product Name]])) -> Nike Sneakers | D3: 80 | E3: =IF(Table1[[#This Row],[Price ($)]]="",AVERAGEIF($G$2:$G$32,Table13_1!$G3,$D$2:$D$32),Table1[[#This Row],[Price ($)]]) -> 80 | F3: 15 | G3: Fashion
A4: 45719 | B4: US | C4: =PROPER(CONCATENATE(Table1[[#This Row],[Brand Name]]," ",Table1[[#This Row],[Product Name]])) -> Keurig Coffee Maker | D4: 130 | E4: =IF(Table1[[#This Row],[Price ($)]]="",AVERAGEIF($G$2:$G$32,Table13_1!$G4,$D$2:$D$32),Table1[[#This Row],[Price ($)]]) -> 130 | F4: 40 | G4: Kitchen
A5: 45758 | B5: US | C5: =PROPER(CONCATENATE(Table1[[#This Row],[Brand Name]]," ",Table1[[#This Row],[Product Name]])) -> Samsung Smartphone | D5: 900 | E5: =IF(Table1[[#This Row],[Price ($)]]="",AVERAGEIF($G$2:$G$32,Table13_1!$G5,$D$2:$D$32),Table1[[#This Row],[Price ($)]]) -> 900 | F5: 25 | G5: Electronics
A6: 45799 | B6: US | C6: =PROPER(CONCATENATE(Table1[[#This Row],[Brand Name]]," ",Table1[[#This Row],[Product Name]])) -> North Face Backpack | D6: 70 | E6: =IF(Table1[[#This Row],[Price ($)]]="",AVERAGEIF($G$2:$G$32,Table13_1!$G6,$D$2:$D$32),Table1[[#This Row],[Price ($)]]) -> 70 | F6: 20 | G6: Outdoor | I6: =COUNTIF(G2:G32,"Electronics") -> 14
A7: 45815 | B7: UK | C7: =PROPER(CONCATENATE(Table1[[#This Row],[Brand Name]]," ",Table1[[#This Row],[Product Name]])) -> Sony Headphones | E7: =IF(Table1[[#This Row],[Price ($)]]="",AVERAGEIF($G$2:$G$32,Table13_1!$G7,$D$2:$D$32),Table1[[#This Row],[Price ($)]]) -> 522.30769 | F7: 45 | G7: Electronics | I7: =AVERAGEIF(G2:G32,"Electronics",Table13_1!$D$2:$D$32) -> 522.30769
A8: 45857 | B8: UK | C8: =PROPER(CONCATENATE(Table1[[#This Row],[Brand Name]]," ",Table1[[#This Row],[Product Name]])) -> Adidas T-Shirt | D8: 30 | E8: =IF(Table1[[#This Row],[Price ($)]]="",AVERAGEIF($G$2:$G$32,Table13_1!$G8,$D$2:$D$32),Table1[[#This Row],[Price ($)]]) -> 30 | F8: 5 | G8: Fashion
A9: 45892 | B9: UK | C9: =PROPER(CONCATENATE(Table1[[#This Row],[Brand Name]]," ",Table1[[#This Row],[Product Name]])) -> Ninja Blender | D9: 90 | E9: =IF(Table1[[#This Row],[Price ($)]]="",AVERAGEIF($G$2:$G$32,Table13_1!$G9,$D$2:$D$32),Table1[[#This Row],[Price ($)]]) -> 90 | F9: 35 | G9: Kitchen
A10: 45905 | B10: UK | C10: =PROPER(CONCATENATE(Table1[[#This Row],[Brand Name]]," ",Table1[[#This Row],[Product Name]])) -> Apple Tablet | D10: 500 | E10: =IF(Table1[[#This Row],[Price ($)]]="",AVERAGEIF($G$2:$G$32,Table13_1!$G10,$D$2:$D$32),Table1[[#This Row],[Price ($)]]) -> 500 | F10: 50 | G10: Electronics
A11: 45944 | B11: UK | C11: =PROPER(CONCATENATE(Table1[[#This Row],[Brand Name]]," ",Table1[[#This Row],[Product Name]])) -> Timberland Hiking Boots | D11: 130 | E11: =IF(Table1[[#This Row],[Price ($)]]="",AVERAGEIF($G$2:$G$32,Table13_1!$G11,$D$2:$D$32),Table1[[#This Row],[Price ($)]]) -> 130 | F11: 10 | G11: Outdoor
A12: 45825 | B12: IN | C12: =PROPER(CONCATENATE(Table1[[#This Row],[Brand Name]]," ",Table1[[#This Row],[Product Name]])) -> Hp Laptop | D12: 950 | E12: =IF(Table1[[#This Row],[Price ($)]]="",AVERAGEIF($G$2:$G$32,Table13_1!$G12,$D$2:$D$32),Table1[[#This Row],[Price ($)]]) -> 950 | F12: 25 | G12: Electronics
A13: 45986 | B13: AU | C13: =PROPER(CONCATENATE(Table1[[#This Row],[Brand Name]]," ",Table1[[#This Row],[Product Name]])) -> Adidas Sneakers | D13: 90 | E13: =IF(Table1[[#This Row],[Price ($)]]="",AVERAGEIF($G$2:$G$32,Table13_1!$G13,$D$2:$D$32),Table1[[#This Row],[Price ($)]]) -> 90 | F13: 40 | G13: Fashion
A14: 45999 | B14: DE | C14: =PROPER(CONCATENATE(Table1[[#This Row],[Brand Name]]," ",Table1[[#This Row],[Product Name]])) -> Nespresso Coffee Maker | D14: 120 | E14: =IF(Table1[[#This Row],[Price ($)]]="",AVERAGEIF($G$2:$G$32,Table13_1!$G14,$D$2:$D$32),Table1[[#This Row],[Price ($)]]) -> 120 | F14: 35 | G14: Electronics
A15: 45706 | B15: CA | C15: =PROPER(CONCATENATE(Table1[[#This Row],[Brand Name]]," ",Table1[[#This Row],[Product Name]])) -> Fitbit Smartwatch | D15: 150 | E15: =IF(Table1[[#This Row],[Price ($)]]="",AVERAGEIF($G$2:$G$32,Table13_1!$G15,$D$2:$D$32),Table1[[#This Row],[Price ($)]]) -> 150 | F15: 15 | G15: Electronics
A16: 45763 | B16: ES | C16: =PROPER(CONCATENATE(Table1[[#This Row],[Brand Name]]," ",Table1[[#This Row],[Product Name]])) -> Bose Headphones | D16: 250 | E16: =IF(Table1[[#This Row],[Price ($)]]="",AVERAGEIF($G$2:$G$32,Table13_1!$G16,$D$2:$D$32),Table1[[#This Row],[Price ($)]]) -> 250 | F16: 20 | G16: Electronics
A17: 45890 | B17: CA | C17: =PROPER(CONCATENATE(Table1[[#This Row],[Brand Name]]," ",Table1[[#This Row],[Product Name]])) -> Samsonite Laptop Bag | D17: 50 | E17: =IF(Table1[[#This Row],[Price ($)]]="",AVERAGEIF($G$2:$G$32,Table13_1!$G17,$D$2:$D$32),Table1[[#This Row],[Price ($)]]) -> 50 | F17: 35 | G17: Accessories
A18: 45889 | B18: CN | C18: =PROPER(CONCATENATE(Table1[[#This Row],[Brand Name]]," ",Table1[[#This Row],[Product Name]])) -> Huawei Smartwatch | D18: 160 | E18: =IF(Table1[[#This Row],[Price ($)]]="",AVERAGEIF($G$2:$G$32,Table13_1!$G18,$D$2:$D$32),Table1[[#This Row],[Price ($)]]) -> 160 | F18: 15 | G18: Electronics
A19: 45684 | B19: IT | C19: =PROPER(CONCATENATE(Table1[[#This Row],[Brand Name]]," ",Table1[[#This Row],[Product Name]])) -> Asus Laptop | D19: 980 | E19: =IF(Table1[[#This Row],[Price ($)]]="",AVERAGEIF($G$2:$G$32,Table13_1!$G19,$D$2:$D$32),Table1[[#This Row],[Price ($)]]) -> 980 | F19: 10 | G19: Electronics
A20: 45717 | B20: UK | C20: =PROPER(CONCATENATE(Table1[[#This Row],[Brand Name]]," ",Table1[[#This Row],[Product Name]])) -> Oakley Sunglasses | D20: 150 | E20: =IF(Table1[[#This Row],[Price ($)]]="",AVERAGEIF($G$2:$G$32,Table13_1!$G20,$D$2:$D$32),Table1[[#This Row],[Price ($)]]) -> 150 | F20: 15 | G20: Fashion
A21: 45883 | B21: US | C21: =PROPER(CONCATENATE(Table1[[#This Row],[Brand Name]]," ",Table1[[#This Row],[Product Name]])) -> Coleman Camping Tent | E21: =IF(Table1[[#This Row],[Price ($)]]="",AVERAGEIF($G$2:$G$32,Table13_1!$G21,$D$2:$D$32),Table1[[#This Row],[Price ($)]]) -> 100 | F21: 10 | G21: Outdoor
A22: 45791 | B22: RU | C22: =PROPER(CONCATENATE(Table1[[#This Row],[Brand Name]]," ",Table1[[#This Row],[Product Name]])) -> Nikon Camera | D22: 700 | E22: =IF(Table1[[#This Row],[Price ($)]]="",AVERAGEIF($G$2:$G$32,Table13_1!$G22,$D$2:$D$32),Table1[[#This Row],[Price ($)]]) -> 700 | F22: 50 | G22: Electronics
A23: 45666 | B23: CA | C23: =PROPER(CONCATENATE(Table1[[#This Row],[Brand Name]]," ",Table1[[#This Row],[Product Name]])) -> Panasonic Microwave | D23: 80 | E23: =IF(Table1[[#This Row],[Price ($)]]="",AVERAGEIF($G$2:$G$32,Table13_1!$G23,$D$2:$D$32),Table1[[#This Row],[Price ($)]]) -> 80 | F23: 20 | G23: Kitchen
A24: 45857 | B24: BR | C24: =PROPER(CONCATENATE(Table1[[#This Row],[Brand Name]]," ",Table1[[#This Row],[Product Name]])) -> Xiaomi Fitness Tracker | D24: 150 | E24: =IF(Table1[[#This Row],[Price ($)]]="",AVERAGEIF($G$2:$G$32,Table13_1!$G24,$D$2:$D$32),Table1[[#This Row],[Price ($)]]) -> 150 | F24: 30 | G24: Electronics
A25: 45929 | B25: CA | C25: =PROPER(CONCATENATE(Table1[[#This Row],[Brand Name]]," ",Table1[[#This Row],[Product Name]])) -> Google Smartphone | D25: 800 | E25: =IF(Table1[[#This Row],[Price ($)]]="",AVERAGEIF($G$2:$G$32,Table13_1!$G25,$D$2:$D$32),Table1[[#This Row],[Price ($)]]) -> 800 | F25: 45 | G25: Electronics
A26: 45811 | B26: CA | C26: =PROPER(CONCATENATE(Table1[[#This Row],[Brand Name]]," ",Table1[[#This Row],[Product Name]])) -> Ray-Ban Sunglasses | E26: =IF(Table1[[#This Row],[Price ($)]]="",AVERAGEIF($G$2:$G$32,Table13_1!$G26,$D$2:$D$32),Table1[[#This Row],[Price ($)]]) -> 76.666667 | F26: 25 | G26: Fashion
A27: 45849 | B27: CA | C27: =PROPER(CONCATENATE(Table1[[#This Row],[Brand Name]]," ",Table1[[#This Row],[Product Name]])) -> Vitamix Blender | D27: 400 | E27: =IF(Table1[[#This Row],[Price ($)]]="",AVERAGEIF($G$2:$G$32,Table13_1!$G27,$D$2:$D$32),Table1[[#This Row],[Price ($)]]) -> 400 | F27: 40 | G27: Kitchen
A28: 45723 | B28: CA | C28: =PROPER(CONCATENATE(Table1[[#This Row],[Brand Name]]," ",Table1[[#This Row],[Product Name]])) -> Zara Dress | D28: 60 | E28: =IF(Table1[[#This Row],[Price ($)]]="",AVERAGEIF($G$2:$G$32,Table13_1!$G28,$D$2:$D$32),Table1[[#This Row],[Price ($)]]) -> 60 | F28: 30 | G28: Fashion
A29: 45760 | B29: CA | C29: =PROPER(CONCATENATE(Table1[[#This Row],[Brand Name]]," ",Table1[[#This Row],[Product Name]])) -> Hamilton Toaster | D29: 40 | E29: =IF(Table1[[#This Row],[Price ($)]]="",AVERAGEIF($G$2:$G$32,Table13_1!$G29,$D$2:$D$32),Table1[[#This Row],[Price ($)]]) -> 40 | F29: 10 | G29: Kitchen
A30: 45801 | B30: CA | C30: =PROPER(CONCATENATE(Table1[[#This Row],[Brand Name]]," ",Table1[[#This Row],[Product Name]])) -> Garmin Fitness Tracker | D30: 130 | E30: =IF(Table1[[#This Row],[Price ($)]]="",AVERAGEIF($G$2:$G$32,Table13_1!$G30,$D$2:$D$32),Table1[[#This Row],[Price ($)]]) -> 130 | F30: 5 | G30: Electronics
A31: 45993 | B31: CA | C31: =PROPER(CONCATENATE(Table1[[#This Row],[Brand Name]]," ",Table1[[#This Row],[Product Name]])) -> Levi'S Jeans | D31: 50 | E31: =IF(Table1[[#This Row],[Price ($)]]="",AVERAGEIF($G$2:$G$32,Table13_1!$G31,$D$2:$D$32),Table1[[#This Row],[Price ($)]]) -> 50 | F31: 50 | G31: Fashion
A32: 45847 | B32: FR | C32: =PROPER(CONCATENATE(Table1[[#This Row],[Brand Name]]," ",Table1[[#This Row],[Product Name]])) -> Casio Watch | D32: 100 | E32: =IF(Table1[[#This Row],[Price ($)]]="",AVERAGEIF($G$2:$G$32,Table13_1!$G32,$D$2:$D$32),Table1[[#This Row],[Price ($)]]) -> 100 | F32: 20 | G32: Accessories

Sheet Sheet1
A1: Product ID | B1: Column2 | C1: Price ($) | D1: Quantity | E1: Category | F1: Column1
A2: 28-JAN-US | C2: 1000 | D2: 30 | E2: Electronicscs
A3: 15-FEB-US | C3: 80 | D3: 15 | E3: Fashion
A4: 03-MAR-US | C4: 130 | D4: 40 | E4: Kitchen
A5: 11-APR-US | C5: 900 | D5: 25 | E5: Electronicscs
A6: 22-MAY-US | C6: 70 | D6: 20
A7: 07-JUN-UK | D7: 45 | E7: Electronicscs
A8: 19-JUL-UK | C8: 30 | D8: 5 | E8: Fashion
A9: 23-AUG-UK | C9: 90 | D9: 35 | E9: Kitchen
A10: 05-SEP-UK | C10: 500 | D10: 50 | E10: Electronicscscs
A11: 14-OCT-UK | C11: 130 | D11: 10 | E11: Outdoor
A12: 17-JUN-IN | C12: 950 | D12: 25 | E12: Electronicscscs
A13: 25-NOV-AU | C13: 90 | D13: 40
A14: 08-DEC-DE | C14: 120 | D14: 35
A15: 18-FEB-CA | C15: 150 | D15: 15 | E15: Electronicscs
A16: 16-APR-ES | C16: 250 | D16: 20 | E16: Electronicscs
A17: 21-AUG-CA | C17: 50 | D17: 35 | E17: Accessories
A18: 20-AUG-CN | C18: 160 | D18: 15 | E18: Electronicscs
A19: 27-JAN-IT | C19: 980 | D19: 10 | E19: Electronicscscs
A20: 01-MAR-UK | C20: 150 | D20: 15 | E20: Fashion
A21: 14-AUG-US | D21: 10 | E21: Outdoor
A22: 14-MAY-RU | C22: 700 | D22: 50 | E22: Electronicscscs
A23: 09-JAN-CA | C23: 80 | D23: 20 | E23: Kitchen
A24: 19-JUL-BR | C24: 150 | D24: 30
A25: 29-SEP-CA | C25: 800 | D25: 45 | E25: Electronicscscs
A26: 03-JUN-CA | D26: 25 | E26: Fashion
A27: 11-JUL-CA | C27: 400 | D27: 40 | E27: Kitchen
A28: 07-MAR-CA | C28: 60 | D28: 30 | E28: Fashion
A29: 13-APR-CA | C29: 40 | D29: 10 | E29: Kitchen
A30: 24-MAY-CA | C30: 130 | D30: 5 | E30: Electronicscs
A31: 02-DEC-CA | C31: 50 | D31: 50 | E31: Fashion
A32: 09-JUL-FR | C32: 100 | D32: 20 | E32: Accessories

Sheet Final Out put
A1: Manufacture Date | B1: Country Code | C1: Product Name | D1: Price | E1: Quantity | F1: Category | G1: Price
A2: 45685 | B2: US | C2: =PROPER(CONCATENATE(Table1[[#This Row],[Brand Name]]," ",Table1[[#This Row],[Product Name]])) -> Dell Laptop | D2: =IF(Table1[[#This Row],[Price ($)]]="",AVERAGEIF(Table1[[#This Row],[Price ($)]],Table1[[#This Row],[Category]]),Table1[[#This Row],[Price ($)]]) -> 1000 | E2: 30 | F2: Electronics | G2: =IF(D2="",AVERAGEIF(F$1:F$32,F2,$D$1:$D$32),D2) -> 1000
A3: 45686 | B3: US | C3: =PROPER(CONCATENATE(Table1[[#This Row],[Brand Name]]," ",Table1[[#This Row],[Product Name]])) -> Nike Sneakers | D3: =IF(Table1[[#This Row],[Price ($)]]="",AVERAGEIF(Table1[[#This Row],[Price ($)]],Table1[[#This Row],[Category]]),Table1[[#This Row],[Price ($)]]) -> 80 | E3: 15 | F3: Fashion | G3: =IF(D3="",AVERAGEIF(F$1:F$32,F3,$D$1:$D$32),D3) -> 80
A4: 45687 | B4: US | C4: =PROPER(CONCATENATE(Table1[[#This Row],[Brand Name]]," ",Table1[[#This Row],[Product Name]])) -> Keurig Coffee Maker | D4: =IF(Table1[[#This Row],[Price ($)]]="",AVERAGEIF(Table1[[#This Row],[Price ($)]],Table1[[#This Row],[Category]]),Table1[[#This Row],[Price ($)]]) -> 130 | E4: 40 | F4: Kitchen | G4: =IF(D4="",AVERAGEIF(F$1:F$32,F4,$D$1:$D$32),D4) -> 130
A5: 45688 | B5: US | C5: =PROPER(CONCATENATE(Table1[[#This Row],[Brand Name]]," ",Table1[[#This Row],[Product Name]])) -> Samsung Smartphone | D5: =IF(Table1[[#This Row],[Price ($)]]="",AVERAGEIF(Table1[[#This Row],[Price ($)]],Table1[[#This Row],[Category]]),Table1[[#This Row],[Price ($)]]) -> 900 | E5: 25 | F5: Electronics | G5: =IF(D5="",AVERAGEIF(F$1:F$32,F5,$D$1:$D$32),D5) -> 900
A6: 45689 | B6: US | C6: =PROPER(CONCATENATE(Table1[[#This Row],[Brand Name]]," ",Table1[[#This Row],[Product Name]])) -> North Face Backpack | D6: =IF(Table1[[#This Row],[Price ($)]]="",AVERAGEIF(Table1[[#This Row],[Price ($)]],Table1[[#This Row],[Category]]),Table1[[#This Row],[Price ($)]]) -> 70 | E6: 20 | F6: Outdoor | G6: =IF(D6="",AVERAGEIF(F$1:F$32,F6,$D$1:$D$32),D6) -> 70
A7: 45690 | B7: UK | C7: =PROPER(CONCATENATE(Table1[[#This Row],[Brand Name]]," ",Table1[[#This Row],[Product Name]])) -> Sony Headphones | E7: 45 | F7: Electronics | G7: =IF(D7="",AVERAGEIF(F$1:F$32,F7,$D$1:$D$32),D7) -> 555.83333 | I7: sum of elec | J7: =SUMIF(F2:F32,"Kitchen",D2:D32) -> 460
A8: 45691 | B8: UK | C8: =PROPER(CONCATENATE(Table1[[#This Row],[Brand Name]]," ",Table1[[#This Row],[Product Name]])) -> Adidas T-Shirt | D8: =IF(Table1[[#This Row],[Price ($)]]="",AVERAGEIF(Table1[[#This Row],[Price ($)]],Table1[[#This Row],[Category]]),Table1[[#This Row],[Price ($)]]) -> 30 | E8: 5 | F8: Fashion | G8: =IF(D8="",AVERAGEIF(F$1:F$32,F8,$D$1:$D$32),D8) -> 30 | I8: count of ele | J8: =COUNTIF(F2:F32,"Kitchen") -> 6
A9: 45692 | B9: UK | C9: =PROPER(CONCATENATE(Table1[[#This Row],[Brand Name]]," ",Table1[[#This Row],[Product Name]])) -> Ninja Blender | D9: =IF(Table1[[#This Row],[Price ($)]]="",AVERAGEIF(Table1[[#This Row],[Price ($)]],Table1[[#This Row],[Category]]),Table1[[#This Row],[Price ($)]]) -> 90 | E9: 35 | F9: Kitchen | G9: =IF(D9="",AVERAGEIF(F$1:F$32,F9,$D$1:$D$32),D9) -> 90
A10: 45693 | B10: UK | C10: =PROPER(CONCATENATE(Table1[[#This Row],[Brand Name]]," ",Table1[[#This Row],[Product Name]])) -> Apple Tablet | D10: =IF(Table1[[#This Row],[Price ($)]]="",AVERAGEIF(Table1[[#This Row],[Price ($)]],Table1[[#This Row],[Category]]),Table1[[#This Row],[Price ($)]]) -> 500 | E10: 50 | F10: Electronics | G10: =IF(D10="",AVERAGEIF(F$1:F$32,F10,$D$1:$D$32),D10) -> 500
A11: 45694 | B11: UK | C11: =PROPER(CONCATENATE(Table1[[#This Row],[Brand Name]]," ",Table1[[#This Row],[Product Name]])) -> Timberland Hiking Boots | D11: =IF(Table1[[#This Row],[Price ($)]]="",AVERAGEIF(Table1[[#This Row],[Price ($)]],Table1[[#This Row],[Category]]),Table1[[#This Row],[Price ($)]]) -> 130 | E11: 10 | F11: Outdoor | G11: =IF(D11="",AVERAGEIF(F$1:F$32,F11,$D$1:$D$32),D11) -> 130 | K11: =J7/J8 -> 76.666667
A12: 45695 | B12: IN | C12: =PROPER(CONCATENATE(Table1[[#This Row],[Brand Name]]," ",Table1[[#This Row],[Product Name]])) -> Hp Laptop | D12: =IF(Table1[[#This Row],[Price ($)]]="",AVERAGEIF(Table1[[#This Row],[Price ($)]],Table1[[#This Row],[Category]]),Table1[[#This Row],[Price ($)]]) -> 950 | E12: 25 | F12: Electronics | G12: =IF(D12="",AVERAGEIF(F$1:F$32,F12,$D$1:$D$32),D12) -> 950
A13: 45696 | B13: AU | C13: =PROPER(CONCATENATE(Table1[[#This Row],[Brand Name]]," ",Table1[[#This Row],[Product Name]])) -> Adidas Sneakers | D13: =IF(Table1[[#This Row],[Price ($)]]="",AVERAGEIF(Table1[[#This Row],[Price ($)]],Table1[[#This Row],[Category]]),Table1[[#This Row],[Price ($)]]) -> 90 | E13: 40 | F13: Outdoor | G13: =IF(D13="",AVERAGEIF(F$1:F$32,F13,$D$1:$D$32),D13) -> 90
A14: 45697 | B14: DE | C14: =PROPER(CONCATENATE(Table1[[#This Row],[Brand Name]]," ",Table1[[#This Row],[Product Name]])) -> Nespresso Coffee Maker | D14: =IF(Table1[[#This Row],[Price ($)]]="",AVERAGEIF(Table1[[#This Row],[Price ($)]],Table1[[#This Row],[Category]]),Table1[[#This Row],[Price ($)]]) -> 120 | E14: 35 | F14: Kitchen | G14: =IF(D14="",AVERAGEIF(F$1:F$32,F14,$D$1:$D$32),D14) -> 120
A15: 45698 | B15: CA | C15: =PROPER(CONCATENATE(Table1[[#This Row],[Brand Name]]," ",Table1[[#This Row],[Product Name]])) -> Fitbit Smartwatch | D15: =IF(Table1[[#This Row],[Price ($)]]="",AVERAGEIF(Table1[[#This Row],[Price ($)]],Table1[[#This Row],[Category]]),Table1[[#This Row],[Price ($)]]) -> 150 | E15: 15 | F15: Electronics | G15: =IF(D15="",AVERAGEIF(F$1:F$32,F15,$D$1:$D$32),D15) -> 150
A16: 45699 | B16: ES | C16: =PROPER(CONCATENATE(Table1[[#This Row],[Brand Name]]," ",Table1[[#This Row],[Product Name]])) -> Bose Headphones | D16: =IF(Table1[[#This Row],[Price ($)]]="",AVERAGEIF(Table1[[#This Row],[Price ($)]],Table1[[#This Row],[Category]]),Table1[[#This Row],[Price ($)]]) -> 250 | E16: 20 | F16: Electronics | G16: =IF(D16="",AVERAGEIF(F$1:F$32,F16,$D$1:$D$32),D16) -> 250
A17: 45700 | B17: CA | C17: =PROPER(CONCATENATE(Table1[[#This Row],[Brand Name]]," ",Table1[[#This Row],[Product Name]])) -> Samsonite Laptop Bag | D17: =IF(Table1[[#This Row],[Price ($)]]="",AVERAGEIF(Table1[[#This Row],[Price ($)]],Table1[[#This Row],[Category]]),Table1[[#This Row],[Price ($)]]) -> 50 | E17: 35 | F17: Accessories | G17: =IF(D17="",AVERAGEIF(F$1:F$32,F17,$D$1:$D$32),D17) -> 50
A18: 45701 | B18: CN | C18: =PROPER(CONCATENATE(Table1[[#This Row],[Brand Name]]," ",Table1[[#This Row],[Product Name]])) -> Huawei Smartwatch | D18: =IF(Table1[[#This Row],[Price ($)]]="",AVERAGEIF(Table1[[#This Row],[Price ($)]],Table1[[#This Row],[Category]]),Table1[[#This Row],[Price ($)]]) -> 160 | E18: 15 | F18: Electronics | G18: =IF(D18="",AVERAGEIF(F$1:F$32,F18,$D$1:$D$32),D18) -> 160
A19: 45702 | B19: IT | C19: =PROPER(CONCATENATE(Table1[[#This Row],[Brand Name]]," ",Table1[[#This Row],[Product Name]])) -> Asus Laptop | D19: =IF(Table1[[#This Row],[Price ($)]]="",AVERAGEIF(Table1[[#This Row],[Price ($)]],Table1[[#This Row],[Category]]),Table1[[#This Row],[Price ($)]]) -> 980 | E19: 10 | F19: Electronics | G19: =IF(D19="",AVERAGEIF(F$1:F$32,F19,$D$1:$D$32),D19) -> 980
A20: 45703 | B20: UK | C20: =PROPER(CONCATENATE(Table1[[#This Row],[Brand Name]]," ",Table1[[#This Row],[Product Name]])) -> Oakley Sunglasses | D20: =IF(Table1[[#This Row],[Price ($)]]="",AVERAGEIF(Table1[[#This Row],[Price ($)]],Table1[[#This Row],[Category]]),Table1[[#This Row],[Price ($)]]) -> 150 | E20: 15 | F20: Fashion | G20: =IF(D20="",AVERAGEIF(F$1:F$32,F20,$D$1:$D$32),D20) -> 150
A21: 45704 | B21: US | C21: =PROPER(CONCATENATE(Table1[[#This Row],[Brand Name]]," ",Table1[[#This Row],[Product Name]])) -> Coleman Camping Tent | D21: 250 | E21: 10 | F21: Outdoor | G21: =IF(D21="",AVERAGEIF(F$1:F$32,F21,$D$1:$D$32),D21) -> 250
A22: 45705 | B22: RU | C22: =PROPER(CONCATENATE(Table1[[#This Row],[Brand Name]]," ",Table1[[#This Row],[Product Name]])) -> Nikon Camera | D22: =IF(Table1[[#This Row],[Price ($)]]="",AVERAGEIF(Table1[[#This Row],[Price ($)]],Table1[[#This Row],[Category]]),Table1[[#This Row],[Price ($)]]) -> 700 | E22: 50 | F22: Electronics | G22: =IF(D22="",AVERAGEIF(F$1:F$32,F22,$D$1:$D$32),D22) -> 700
A23: 45706 | B23: CA | C23: =PROPER(CONCATENATE(Table1[[#This Row],[Brand Name]]," ",Table1[[#This Row],[Product Name]])) -> Panasonic Microwave | D23: =IF(Table1[[#This Row],[Price ($)]]="",AVERAGEIF(Table1[[#This Row],[Price ($)]],Table1[[#This Row],[Category]]),Table1[[#This Row],[Price ($)]]) -> 80 | E23: 20 | F23: Kitchen | G23: =IF(D23="",AVERAGEIF(F$1:F$32,F23,$D$1:$D$32),D23) -> 80
A24: 45707 | B24: BR | C24: =PROPER(CONCATENATE(Table1[[#This Row],[Brand Name]]," ",Table1[[#This Row],[Product Name]])) -> Xiaomi Fitness Tracker | D24: =IF(Table1[[#This Row],[Price ($)]]="",AVERAGEIF(Table1[[#This Row],[Price ($)]],Table1[[#This Row],[Category]]),Table1[[#This Row],[Price ($)]]) -> 150 | E24: 30 | F24: Electronics | G24: =IF(D24="",AVERAGEIF(F$1:F$32,F24,$D$1:$D$32),D24) -> 150
A25: 45708 | B25: CA | C25: =PROPER(CONCATENATE(Table1[[#This Row],[Brand Name]]," ",Table1[[#This Row],[Product Name]])) -> Google Smartphone | D25: =IF(Table1[[#This Row],[Price ($)]]="",AVERAGEIF(Table1[[#This Row],[Price ($)]],Table1[[#This Row],[Category]]),Table1[[#This Row],[Price ($)]]) -> 800 | E25: 45 | F25: Electronics | G25: =IF(D25="",AVERAGEIF(F$1:F$32,F25,$D$1:$D$32),D25) -> 800
A26: 45709 | B26: CA | C26: =PROPER(CONCATENATE(Table1[[#This Row],[Brand Name]]," ",Table1[[#This Row],[Product Name]])) -> Ray-Ban Sunglasses | D26: =IF(Table1[[#This Row],[Price ($)]]="",AVERAGEIF(Table1[[#This Row],[Price ($)]],Table1[[#This Row],[Category]]),Table1[[#This Row],[Price ($)]]) -> #DIV/0! | E26: 25 | F26: Fashion | G26: =IF(D26="",AVERAGEIF(F$1:F$32,F26,$D$1:$D$32),D26) -> #DIV/0!
A27: 45710 | B27: CA | C27: =PROPER(CONCATENATE(Table1[[#This Row],[Brand Name]]," ",Table1[[#This Row],[Product Name]])) -> Vitamix Blender | E27: 40 | F27: Kitchen | G27: =IF(D27="",AVERAGEIF(F$1:F$32,F27,$D$1:$D$32),D27) -> 92
A28: 45711 | B28: CA | C28: =PROPER(CONCATENATE(Table1[[#This Row],[Brand Name]]," ",Table1[[#This Row],[Product Name]])) -> Zara Dress | D28: =IF(Table1[[#This Row],[Price ($)]]="",AVERAGEIF(Table1[[#This Row],[Price ($)]],Table1[[#This Row],[Category]]),Table1[[#This Row],[Price ($)]]) -> 60 | E28: 30 | F28: Fashion | G28: =IF(D28="",AVERAGEIF(F$1:F$32,F28,$D$1:$D$32),D28) -> 60
A29: 45712 | B29: CA | C29: =PROPER(CONCATENATE(Table1[[#This Row],[Brand Name]]," ",Table1[[#This Row],[Product Name]])) -> Hamilton Toaster | D29: =IF(Table1[[#This Row],[Price ($)]]="",AVERAGEIF(Table1[[#This Row],[Price ($)]],Table1[[#This Row],[Category]]),Table1[[#This Row],[Price ($)]]) -> 40 | E29: 10 | F29: Kitchen | G29: =IF(D29="",AVERAGEIF(F$1:F$32,F29,$D$1:$D$32),D29) -> 40
A30: 45713 | B30: CA | C30: =PROPER(CONCATENATE(Table1[[#This Row],[Brand Name]]," ",Table1[[#This Row],[Product Name]])) -> Garmin Fitness Tracker | D30: =IF(Table1[[#This Row],[Price ($)]]="",AVERAGEIF(Table1[[#This Row],[Price ($)]],Table1[[#This Row],[Category]]),Table1[[#This Row],[Price ($)]]) -> 130 | E30: 5 | F30: Electronics | G30: =IF(D30="",AVERAGEIF(F$1:F$32,F30,$D$1:$D$32),D30) -> 130
A31: 45714 | B31: CA | C31: =PROPER(CONCATENATE(Table1[[#This Row],[Brand Name]]," ",Table1[[#This Row],[Product Name]])) -> Levi'S Jeans | D31: =IF(Table1[[#This Row],[Price ($)]]="",AVERAGEIF(Table1[[#This Row],[Price ($)]],Table1[[#This Row],[Category]]),Table1[[#This Row],[Price ($)]]) -> 50 | E31: 50 | F31: Fashion | G31: =IF(D31="",AVERAGEIF(F$1:F$32,F31,$D$1:$D$32),D31) -> 50
A32: 45715 | B32: FR | C32: =PROPER(CONCATENATE(Table1[[#This Row],[Brand Name]]," ",Table1[[#This Row],[Product Name]])) -> Casio Watch | D32: =IF(Table1[[#This Row],[Price ($)]]="",AVERAGEIF(Table1[[#This Row],[Price ($)]],Table1[[#This Row],[Category]]),Table1[[#This Row],[Price ($)]]) -> 100 | E32: 20 | F32: Accessories | G32: =IF(D32="",AVERAGEIF(F$1:F$32,F32,$D$1:$D$32),D32) -> 100

Sheet Sheet2
