Workbook
Name Slicer_Diabetes_Status: #N/A
Name Slicer_smoker: #N/A
Name Slicer_smoker1: #N/A

Sheet Sheet1
A1: Customer ID | B1: BMI | C1: HBA1C | D1: Heart Issues | E1: Any Transplants | F1: Cancer history | G1: Medical Examinations | H1: smoker | I1: Weight Status | J1: Diabetes Status
A2: ID1 | B2: 47.41 | C2: 7.47 | D2: No | E2: No | F2: No | G2: 0 | H2: yes | I2: Obesity | J2: Diabetes
A3: ID2 | B3: 30.36 | C3: 5.77 | D3: No | E3: No | F3: No | G3: 0 | H3: yes | I3: Obesity | J3: Prediabetes
A4: ID3 | B4: 34.485 | C4: 11.87 | D4: yes | E4: No | F4: No | G4: 2 | H4: yes | I4: Obesity | J4: Diabetes
A5: ID4 | B5: 38.095 | C5: 6.05 | D5: No | E5: No | F5: No | G5: 0 | H5: yes | I5: Obesity | J5: Prediabetes
A6: ID5 | B6: 35.53 | C6: 5.45 | D6: No | E6: No | F6: No | G6: 0 | H6: yes | I6: Obesity | J6: Normal
A7: ID6 | B7: 32.8 | C7: 6.59 | D7: No | E7: No | F7: No | G7: 0 | H7: yes | I7: Obesity | J7: Diabetes
A8: ID7 | B8: 36.4 | C8: 6.07 | D8: No | E8: No | F8: No | G8: 0 | H8: yes | I8: Obesity | J8: Prediabetes
A9: ID8 | B9: 36.96 | C9: 7.93 | D9: No | E9: No | F9: No | G9: 3 | H9: yes | I9: Obesity | J9: Diabetes
A10: ID9 | B10: 41.14 | C10: 9.58 | D10: yes | E10: No | F10: Yes | G10: 1 | H10: yes | I10: Obesity | J10: Diabetes
A11: ID10 | B11: 38.06 | C11: 10.79 | D11: No | E11: No | F11: No | G11: 0 | H11: yes | I11: Obesity | J11: Diabetes
A12: ID11 | B12: 37.7 | C12: 5.96 | D12: yes | E12: No | F12: No | G12: 2 | H12: yes | I12: Obesity | J12: Prediabetes
A13: ID12 | B13: 42.13 | C13: 11.9 | D13: No | E13: No | F13: No | G13: 0 | H13: yes | I13: Obesity | J13: Diabetes
... A2336: ID2335 | B2336: 17.58 | C2336: 4.51 | D2336: No | E2336: No | F2336: No | G2336: 1 | H2336: No | I2336: Under Weight | J2336: Normal

Sheet Sheet3
A1: Customer ID | B1: Title | C1: First name | D1: Last Name
A2: Id1 | B2: Ms | C2: Hawks | D2: Kelly
A3: Id2 | B3: Mr | C3: Lehner | D3: Matthew D
A4: Id3 | B4: Mr | C4: Lu | D4: Phil
A5: Id4 | B5: Ms | C5: Osborne | D5: Kelsey
A6: Id5 | B6: Ms | C6: Kadala | D6: Kristyn
A7: Id6 | B7: Mr | C7: Baker | D7: Russell B.
A8: Id7 | B8: Mr | C8: Macpherson | D8: Scott
A9: Id8 | B9: Mr | C9: Hallman | D9: Stephen
A10: Id9 | B10: Mr | C10: Moran | D10: Patrick R.
A11: Id10 | B11: Ms | C11: Benner | D11: Brooke N.
A12: Id11 | B12: Ms | C12: Fierro Vargas | D12: Paola Andrea
... A2336: Id2335 | B2336: Mr | C2336: German | D2336: Aaron K

Sheet Sheet2
A1: Customer ID | B1: Date2 | C1: Age | D1: children | E1: charges | F1: Hospital tier | G1: City tier | H1: State ID | J1: Customer ID | K1: Date2 | L1: Age | M1: children | N1: charges | O1: Hospital tier | P1: City tier | Q1: State ID
A2: ID1 | B2: 12-Oct-1968 | C2: 54 | D2: 0 | E2: 63770.43 | F2: tier - 1 | G2: tier - 3 | H2: R1013
A3: ID2 | B3: 8-Jun-1977 | C3: 46 | D3: 0 | E3: 62592.87 | F3: tier - 2 | G3: tier - 3 | H3: R1013
A4: ID3 | B4: 11-Sep-1970 | C4: 52 | D4: 3 | E4: 60021.4 | F4: tier - 1 | G4: tier - 1 | H4: R1012
A5: ID4 | B5: 6-Jun-1991 | C5: 32 | D5: 1 | E5: 58571.07 | F5: tier - 1 | G5: tier - 3 | H5: R1024
A6: ID5 | B6: 19-Jun-1989 | C6: 33 | D6: 0 | E6: 55135.4 | F6: tier - 1 | G6: tier - 2 | H6: R1012
A7: ID6 | B7: 4-Aug-1962 | C7: 60 | D7: 0 | E7: 52590.83 | F7: tier - 1 | G7: tier - 3 | H7: R1011
A8: ID7 | B8: 27-Oct-1994 | C8: 28 | D8: 1 | E8: 51194.56 | F8: tier - 1 | G8: tier - 3 | H8: R1011
A9: ID8 | B9: 27-Jun-1958 | C9: 64 | D9: 2 | E9: 49577.66 | F9: tier - 2 | G9: tier - 2 | H9: R1013
A10: ID9 | B10: 4-Sep-1963 | C10: 59 | D10: 1 | E10: 48970.25 | F10: tier - 1 | G10: tier - 2 | H10: R1013
A11: ID10 | B11: 29-Dec-1978 | C11: 44 | D11: 0 | E11: 48885.14 | F11: tier - 1 | G11: tier - 2 | H11: R1013
A12: ID11 | B12: 22-Jul-1959 | C12: 63 | D12: 0 | E12: 48824.45 | F12: tier - 2 | G12: tier - 1 | H12: R1011
A13: ID12 | B13: 27-Oct-1965 | C13: 57 | D13: 1 | E13: 48675.52 | F13: tier - 1 | G13: tier - 2 | H13: R1013
... A2344: ID2335 | B2344: 9-Jul-1992 | C2344: 30 | D2344: 0 | E2344: 563.84 | F2344: tier - 2 | G2344: tier - 3 | H2344: R1013

Sheet Quick Analysis
A3: smoker | B3: Count of smoker
A4: No | B4: 1847
A5: yes | B5: 488
A15: Cancer history | B15: Count of Cancer history
A16: No | B16: 1944
A17: Yes | B17: 391
A21: City tier | B21: Count of City tier
A22: tier - 1 | B22: 732
A23: tier - 2 | B23: 809
A24: tier - 3 | B24: 794
A32: Diabetes Status | B32: Count of Diabetes Status
A33: Diabetes | B33: 784
A34: Normal | B34: 1103
A35: Prediabetes | B35: 448
A40: Weight Status | B40: Count of Weight Status
A41: Normal weight | B41: 60
A42: Obesity | B42: 176
A43: Over Weight | B43: 85
A44: Under Weight | B44: 26
A46: Heart Issues | B46: Count of Heart Issues
A47: No | B47: 1409
A48: yes | B48: 926
A51: Count of Customer | B51: =SUBTOTAL(103,Table4[Customer ID]) -> 2335
A52: Hospitalisation Coumt | B52: =SUBTOTAL(103,Table4[Customer ID]) -> 2335
A53: Average BMI | B53: =SUBTOTAL(101,Table4[BMI]) -> 30.972649
A54: Average HBA1C | B54: =SUBTOTAL(101,Table4[HBA1C]) -> 6.5789979
A55: Average Age | B55: =SUBTOTAL(101,Table4[Age]) -> 39.228694

Sheet AI DB
A1: Health Care Dash Board

Sheet Final Health Care 
A1: Customer ID | B1: Title | C1: First name | D1: Last Name | E1: BMI | F1: HBA1C | G1: Heart Issues | H1: Any Transplants | I1: Cancer history | J1: Medical Examinations | K1: smoker | L1: Weight Status | M1: Diabetes Status | N1: DOB | O1: Age | P1: children | Q1: charges | R1: Hospital tier | S1: City tier | T1: State ID
A2: ID1 | B2: =_xlfn.XLOOKUP(A2,Sheet3!A2:A2336,Sheet3!B2:B2336) -> Ms | C2: =_xlfn.XLOOKUP(A2,Sheet3!A2:A2336,Sheet3!C2:C2336) -> Hawks | D2: =_xlfn.XLOOKUP(A2,Sheet3!A2:A2336,Sheet3!D2:D2336) -> Kelly | E2: =_xlfn.XLOOKUP(A2,Sheet1!$A$2:$A$2336,Sheet1!$B$2:$B$2336) -> 47.41 | F2: =_xlfn.XLOOKUP(Table4[[#This Row],[Customer ID]],Sheet1!A2:A2336,Sheet1!C2:C2336) -> 7.47 | G2: =_xlfn.XLOOKUP(Table4[[#This Row],[Customer ID]],Sheet1!A2:A2336,Sheet1!D2:D2336) -> No | H2: =_xlfn.XLOOKUP(Table4[[#This Row],[Customer ID]],Sheet1!A2:A2336,Sheet1!E2:E2336) -> No | I2: =_xlfn.XLOOKUP(Table4[[#This Row],[Customer ID]],Sheet1!A2:A2336,Sheet1!F2:F2336) -> No | J2: =_xlfn.XLOOKUP(Table4[[#This Row],[Customer ID]],Sheet1!A2:A2336,Sheet1!G2:G2336) -> 0 | K2: =_xlfn.XLOOKUP(Table4[[#This Row],[Customer ID]],Sheet1!A2:A2336,Sheet1!H2:H2336) -> yes | L2: =_xlfn.XLOOKUP(Table4[[#This Row],[Customer ID]],Sheet1!A2:A2336,Sheet1!I2:I2336) -> Obesity | M2: =_xlfn.XLOOKUP(A2,Sheet1!A2:A2336,Sheet1!J2:J2336) -> Diabetes | N2: =_xlfn.XLOOKUP(Table4[[#This Row],[Customer ID]],Table3[Customer ID],Table3[Date2]) -> 12-Oct-1968 | O2: =_xlfn.XLOOKUP(A2,Table3[Customer ID],Table3[Age]) -> 54 | P2: =_xlfn.XLOOKUP(A2,Table3[Customer ID],Table3[children]) -> 0 | Q2: =_xlfn.XLOOKUP(A2,Table3[Customer ID],Table3[charges]) -> 63770.43 | R2: =_xlfn.XLOOKUP(A2,Table3[Customer ID],Table3[Hospital tier]) -> tier - 1 | S2: =_xlfn.XLOOKUP(A2,Table3[Customer ID],Table3[City tier]) -> tier - 3 | T2: =_xlfn.XLOOKUP(A2,Table3[Customer ID],Table3[State ID]) -> R1013
A3: ID2 | B3: =_xlfn.XLOOKUP(A3,Sheet3!A3:A2337,Sheet3!B3:B2337) -> Mr | C3: =_xlfn.XLOOKUP(A3,Sheet3!A3:A2337,Sheet3!C3:C2337) -> Lehner | D3: =_xlfn.XLOOKUP(A3,Sheet3!A3:A2337,Sheet3!D3:D2337) -> Matthew D | E3: =_xlfn.XLOOKUP(A3,Sheet1!$A$2:$A$2336,Sheet1!$B$2:$B$2336) -> 30.36 | F3: =_xlfn.XLOOKUP(Table4[[#This Row],[Customer ID]],Sheet1!A3:A2337,Sheet1!C3:C2337) -> 5.77 | G3: =_xlfn.XLOOKUP(Table4[[#This Row],[Customer ID]],Sheet1!A3:A2337,Sheet1!D3:D2337) -> No | H3: =_xlfn.XLOOKUP(Table4[[#This Row],[Customer ID]],Sheet1!A3:A2337,Sheet1!E3:E2337) -> No | I3: =_xlfn.XLOOKUP(Table4[[#This Row],[Customer ID]],Sheet1!A3:A2337,Sheet1!F3:F2337) -> No | J3: =_xlfn.XLOOKUP(Table4[[#This Row],[Customer ID]],Sheet1!A3:A2337,Sheet1!G3:G2337) -> 0 | K3: =_xlfn.XLOOKUP(Table4[[#This Row],[Customer ID]],Sheet1!A3:A2337,Sheet1!H3:H2337) -> yes | L3: =_xlfn.XLOOKUP(Table4[[#This Row],[Customer ID]],Sheet1!A3:A2337,Sheet1!I3:I2337) -> Obesity | M3: =_xlfn.XLOOKUP(A3,Sheet1!A3:A2337,Sheet1!J3:J2337) -> Prediabetes | N3: =_xlfn.XLOOKUP(Table4[[#This Row],[Customer ID]],Table3[Customer ID],Table3[Date2]) -> 8-Jun-1977 | O3: =_xlfn.XLOOKUP(A3,Table3[Customer ID],Table3[Age]) -> 46 | P3: =_xlfn.XLOOKUP(A3,Table3[Customer ID],Table3[children]) -> 0 | Q3: =_xlfn.XLOOKUP(A3,Table3[Customer ID],Table3[charges]) -> 62592.87 | R3: =_xlfn.XLOOKUP(A3,Table3[Customer ID],Table3[Hospital tier]) -> tier - 2 | S3: =_xlfn.XLOOKUP(A3,Table3[Customer ID],Table3[City tier]) -> tier - 3 | T3: =_xlfn.XLOOKUP(A3,Table3[Customer ID],Table3[State ID]) -> R1013
A4: ID3 | B4: =_xlfn.XLOOKUP(A4,Sheet3!A4:A2338,Sheet3!B4:B2338) -> Mr | C4: =_xlfn.XLOOKUP(A4,Sheet3!A4:A2338,Sheet3!C4:C2338) -> Lu | D4: =_xlfn.XLOOKUP(A4,Sheet3!A4:A2338,Sheet3!D4:D2338) -> Phil | E4: =_xlfn.XLOOKUP(A4,Sheet1!$A$2:$A$2336,Sheet1!$B$2:$B$2336) -> 34.485 | F4: =_xlfn.XLOOKUP(Table4[[#This Row],[Customer ID]],Sheet1!A4:A2338,Sheet1!C4:C2338) -> 11.87 | G4: =_xlfn.XLOOKUP(Table4[[#This Row],[Customer ID]],Sheet1!A4:A2338,Sheet1!D4:D2338) -> yes | H4: =_xlfn.XLOOKUP(Table4[[#This Row],[Customer ID]],Sheet1!A4:A2338,Sheet1!E4:E2338) -> No | I4: =_xlfn.XLOOKUP(Table4[[#This Row],[Customer ID]],Sheet1!A4:A2338,Sheet1!F4:F2338) -> No | J4: =_xlfn.XLOOKUP(Table4[[#This Row],[Customer ID]],Sheet1!A4:A2338,Sheet1!G4:G2338) -> 2 | K4: =_xlfn.XLOOKUP(Table4[[#This Row],[Customer ID]],Sheet1!A4:A2338,Sheet1!H4:H2338) -> yes | L4: =_xlfn.XLOOKUP(Table4[[#This Row],[Customer ID]],Sheet1!A4:A2338,Sheet1!I4:I2338) -> Obesity | M4: =_xlfn.XLOOKUP(A4,Sheet1!A4:A2338,Sheet1!J4:J2338) -> Diabetes | N4: =_xlfn.XLOOKUP(Table4[[#This Row],[Customer ID]],Table3[Customer ID],Table3[Date2]) -> 11-Sep-1970 | O4: =_xlfn.XLOOKUP(A4,Table3[Customer ID],Table3[Age]) -> 52 | P4: =_xlfn.XLOOKUP(A4,Table3[Customer ID],Table3[children]) -> 3 | Q4: =_xlfn.XLOOKUP(A4,Table3[Customer ID],Table3[charges]) -> 60021.4 | R4: =_xlfn.XLOOKUP(A4,Table3[Customer ID],Table3[Hospital tier]) -> tier - 1 | S4: =_xlfn.XLOOKUP(A4,Table3[Customer ID],Table3[City tier]) -> tier - 1 | T4: =_xlfn.XLOOKUP(A4,Table3[Customer ID],Table3[State ID]) -> R1012
A5: ID4 | B5: =_xlfn.XLOOKUP(A5,Sheet3!A5:A2339,Sheet3!B5:B2339) -> Ms | C5: =_xlfn.XLOOKUP(A5,Sheet3!A5:A2339,Sheet3!C5:C2339) -> Osborne | D5: =_xlfn.XLOOKUP(A5,Sheet3!A5:A2339,Sheet3!D5:D2339) -> Kelsey | E5: =_xlfn.XLOOKUP(A5,Sheet1!$A$2:$A$2336,Sheet1!$B$2:$B$2336) -> 38.095 | F5: =_xlfn.XLOOKUP(Table4[[#This Row],[Customer ID]],Sheet1!A5:A2339,Sheet1!C5:C2339) -> 6.05 | G5: =_xlfn.XLOOKUP(Table4[[#This Row],[Customer ID]],Sheet1!A5:A2339,Sheet1!D5:D2339) -> No | H5: =_xlfn.XLOOKUP(Table4[[#This Row],[Customer ID]],Sheet1!A5:A2339,Sheet1!E5:E2339) -> No | I5: =_xlfn.XLOOKUP(Table4[[#This Row],[Customer ID]],Sheet1!A5:A2339,Sheet1!F5:F2339) -> No | J5: =_xlfn.XLOOKUP(Table4[[#This Row],[Customer ID]],Sheet1!A5:A2339,Sheet1!G5:G2339) -> 0 | K5: =_xlfn.XLOOKUP(Table4[[#This Row],[Customer ID]],Sheet1!A5:A2339,Sheet1!H5:H2339) -> yes | L5: =_xlfn.XLOOKUP(Table4[[#This Row],[Customer ID]],Sheet1!A5:A2339,Sheet1!I5:I2339) -> Obesity | M5: =_xlfn.XLOOKUP(A5,Sheet1!A5:A2339,Sheet1!J5:J2339) -> Prediabetes | N5: =_xlfn.XLOOKUP(Table4[[#This Row],[Customer ID]],Table3[Customer ID],Table3[Date2]) -> 6-Jun-1991 | O5: =_xlfn.XLOOKUP(A5,Table3[Customer ID],Table3[Age]) -> 32 | P5: =_xlfn.XLOOKUP(A5,Table3[Customer ID],Table3[children]) -> 1 | Q5: =_xlfn.XLOOKUP(A5,Table3[Customer ID],Table3[charges]) -> 58571.07 | R5: =_xlfn.XLOOKUP(A5,Table3[Customer ID],Table3[Hospital tier]) -> tier - 1 | S5: =_xlfn.XLOOKUP(A5,Table3[Customer ID],Table3[City tier]) -> tier - 3 | T5: =_xlfn.XLOOKUP(A5,Table3[Customer ID],Table3[State ID]) -> R1024
A6: ID5 | B6: =_xlfn.XLOOKUP(A6,Sheet3!A6:A2340,Sheet3!B6:B2340) -> Ms | C6: =_xlfn.XLOOKUP(A6,Sheet3!A6:A2340,Sheet3!C6:C2340) -> Kadala | D6: =_xlfn.XLOOKUP(A6,Sheet3!A6:A2340,Sheet3!D6:D2340) -> Kristyn | E6: =_xlfn.XLOOKUP(A6,Sheet1!$A$2:$A$2336,Sheet1!$B$2:$B$2336) -> 35.53 | F6: =_xlfn.XLOOKUP(Table4[[#This Row],[Customer ID]],Sheet1!A6:A2340,Sheet1!C6:C2340) -> 5.45 | G6: =_xlfn.XLOOKUP(Table4[[#This Row],[Customer ID]],Sheet1!A6:A2340,Sheet1!D6:D2340) -> No | H6: =_xlfn.XLOOKUP(Table4[[#This Row],[Customer ID]],Sheet1!A6:A2340,Sheet1!E6:E2340) -> No | I6: =_xlfn.XLOOKUP(Table4[[#This Row],[Customer ID]],Sheet1!A6:A2340,Sheet1!F6:F2340) -> No | J6: =_xlfn.XLOOKUP(Table4[[#This Row],[Customer ID]],Sheet1!A6:A2340,Sheet1!G6:G2340) -> 0 | K6: =_xlfn.XLOOKUP(Table4[[#This Row],[Customer ID]],Sheet1!A6:A2340,Sheet1!H6:H2340) -> yes | L6: =_xlfn.XLOOKUP(Table4[[#This Row],[Customer ID]],Sheet1!A6:A2340,Sheet1!I6:I2340) -> Obesity | M6: =_xlfn.XLOOKUP(A6,Sheet1!A6:A2340,Sheet1!J6:J2340) -> Normal | N6: =_xlfn.XLOOKUP(Table4[[#This Row],[Customer ID]],Table3[Customer ID],Table3[Date2]) -> 19-Jun-1989 | O6: =_xlfn.XLOOKUP(A6,Table3[Customer ID],Table3[Age]) -> 33 | P6: =_xlfn.XLOOKUP(A6,Table3[Customer ID],Table3[children]) -> 0 | Q6: =_xlfn.XLOOKUP(A6,Table3[Customer ID],Table3[charges]) -> 55135.4 | R6: =_xlfn.XLOOKUP(A6,Table3[Customer ID],Table3[Hospital tier]) -> tier - 1 | S6: =_xlfn.XLOOKUP(A6,Table3[Customer ID],Table3[City tier]) -> tier - 2 | T6: =_xlfn.XLOOKUP(A6,Table3[Customer ID],Table3[State ID]) -> R1012
A7: ID6 | B7: =_xlfn.XLOOKUP(A7,Sheet3!A7:A2341,Sheet3!B7:B2341) -> Mr | C7: =_xlfn.XLOOKUP(A7,Sheet3!A7:A2341,Sheet3!C7:C2341) -> Baker | D7: =_xlfn.XLOOKUP(A7,Sheet3!A7:A2341,Sheet3!D7:D2341) -> Russell B. | E7: =_xlfn.XLOOKUP(A7,Sheet1!$A$2:$A$2336,Sheet1!$B$2:$B$2336) -> 32.8 | F7: =_xlfn.XLOOKUP(Table4[[#This Row],[Customer ID]],Sheet1!A7:A2341,Sheet1!C7:C2341) -> 6.59 | G7: =_xlfn.XLOOKUP(Table4[[#This Row],[Customer ID]],Sheet1!A7:A2341,Sheet1!D7:D2341) -> No | H7: =_xlfn.XLOOKUP(Table4[[#This Row],[Customer ID]],Sheet1!A7:A2341,Sheet1!E7:E2341) -> No | I7: =_xlfn.XLOOKUP(Table4[[#This Row],[Customer ID]],Sheet1!A7:A2341,Sheet1!F7:F2341) -> No | J7: =_xlfn.XLOOKUP(Table4[[#This Row],[Customer ID]],Sheet1!A7:A2341,Sheet1!G7:G2341) -> 0 | K7: =_xlfn.XLOOKUP(Table4[[#This Row],[Customer ID]],Sheet1!A7:A2341,Sheet1!H7:H2341) -> yes | L7: =_xlfn.XLOOKUP(Table4[[#This Row],[Customer ID]],Sheet1!A7:A2341,Sheet1!I7:I2341) -> Obesity | M7: =_xlfn.XLOOKUP(A7,Sheet1!A7:A2341,Sheet1!J7:J2341) -> Diabetes | N7: =_xlfn.XLOOKUP(Table4[[#This Row],[Customer ID]],Table3[Customer ID],Table3[Date2]) -> 4-Aug-1962 | O7: =_xlfn.XLOOKUP(A7,Table3[Customer ID],Table3[Age]) -> 60 | P7: =_xlfn.XLOOKUP(A7,Table3[Customer ID],Table3[children]) -> 0 | Q7: =_xlfn.XLOOKUP(A7,Table3[Customer ID],Table3[charges]) -> 52590.83 | R7: =_xlfn.XLOOKUP(A7,Table3[Customer ID],Table3[Hospital tier]) -> tier - 1 | S7: =_xlfn.XLOOKUP(A7,Table3[Customer ID],Table3[City tier]) -> tier - 3 | T7: =_xlfn.XLOOKUP(A7,Table3[Customer ID],Table3[State ID]) -> R1011
A8: ID7 | B8: =_xlfn.XLOOKUP(A8,Sheet3!A8:A2342,Sheet3!B8:B2342) -> Mr | C8: =_xlfn.XLOOKUP(A8,Sheet3!A8:A2342,Sheet3!C8:C2342) -> Macpherson | D8: =_xlfn.XLOOKUP(A8,Sheet3!A8:A2342,Sheet3!D8:D2342) -> Scott | E8: =_xlfn.XLOOKUP(A8,Sheet1!$A$2:$A$2336,Sheet1!$B$2:$B$2336) -> 36.4 | F8: =_xlfn.XLOOKUP(Table4[[#This Row],[Customer ID]],Sheet1!A8:A2342,Sheet1!C8:C2342) -> 6.07 | G8: =_xlfn.XLOOKUP(Table4[[#This Row],[Customer ID]],Sheet1!A8:A2342,Sheet1!D8:D2342) -> No | H8: =_xlfn.XLOOKUP(Table4[[#This Row],[Customer ID]],Sheet1!A8:A2342,Sheet1!E8:E2342) -> No | I8: =_xlfn.XLOOKUP(Table4[[#This Row],[Customer ID]],Sheet1!A8:A2342,Sheet1!F8:F2342) -> No | J8: =_xlfn.XLOOKUP(Table4[[#This Row],[Customer ID]],Sheet1!A8:A2342,Sheet1!G8:G2342) -> 0 | K8: =_xlfn.XLOOKUP(Table4[[#This Row],[Customer ID]],Sheet1!A8:A2342,Sheet1!H8:H2342) -> yes | L8: =_xlfn.XLOOKUP(Table4[[#This Row],[Customer ID]],Sheet1!A8:A2342,Sheet1!I8:I2342) -> Obesity | M8: =_xlfn.XLOOKUP(A8,Sheet1!A8:A2342,Sheet1!J8:J2342) -> Prediabetes | N8: =_xlfn.XLOOKUP(Table4[[#This Row],[Customer ID]],Table3[Customer ID],Table3[Date2]) -> 27-Oct-1994 | O8: =_xlfn.XLOOKUP(A8,Table3[Customer ID],Table3[Age]) -> 28 | P8: =_xlfn.XLOOKUP(A8,Table3[Customer ID],Table3[children]) -> 1 | Q8: =_xlfn.XLOOKUP(A8,Table3[Customer ID],Table3[charges]) -> 51194.56 | R8: =_xlfn.XLOOKUP(A8,Table3[Customer ID],Table3[Hospital tier]) -> tier - 1 | S8: =_xlfn.XLOOKUP(A8,Table3[Customer ID],Table3[City tier]) -> tier - 3 | T8: =_xlfn.XLOOKUP(A8,Table3[Customer ID],Table3[State ID]) -> R1011
A9: ID8 | B9: =_xlfn.XLOOKUP(A9,Sheet3!A9:A2343,Sheet3!B9:B2343) -> Mr | C9: =_xlfn.XLOOKUP(A9,Sheet3!A9:A2343,Sheet3!C9:C2343) -> Hallman | D9: =_xlfn.XLOOKUP(A9,Sheet3!A9:A2343,Sheet3!D9:D2343) -> Stephen | E9: =_xlfn.XLOOKUP(A9,Sheet1!$A$2:$A$2336,Sheet1!$B$2:$B$2336) -> 36.96 | F9: =_xlfn.XLOOKUP(Table4[[#This Row],[Customer ID]],Sheet1!A9:A2343,Sheet1!C9:C2343) -> 7.93 | G9: =_xlfn.XLOOKUP(Table4[[#This Row],[Customer ID]],Sheet1!A9:A2343,Sheet1!D9:D2343) -> No | H9: =_xlfn.XLOOKUP(Table4[[#This Row],[Customer ID]],Sheet1!A9:A2343,Sheet1!E9:E2343) -> No | I9: =_xlfn.XLOOKUP(Table4[[#This Row],[Customer ID]],Sheet1!A9:A2343,Sheet1!F9:F2343) -> No | J9: =_xlfn.XLOOKUP(Table4[[#This Row],[Customer ID]],Sheet1!A9:A2343,Sheet1!G9:G2343) -> 3 | K9: =_xlfn.XLOOKUP(Table4[[#This Row],[Customer ID]],Sheet1!A9:A2343,Sheet1!H9:H2343) -> yes | L9: =_xlfn.XLOOKUP(Table4[[#This Row],[Customer ID]],Sheet1!A9:A2343,Sheet1!I9:I2343) -> Obesity | M9: =_xlfn.XLOOKUP(A9,Sheet1!A9:A2343,Sheet1!J9:J2343) -> Diabetes | N9: =_xlfn.XLOOKUP(Table4[[#This Row],[Customer ID]],Table3[Customer ID],Table3[Date2]) -> 27-Jun-1958 | O9: =_xlfn.XLOOKUP(A9,Table3[Customer ID],Table3[Age]) -> 64 | P9: =_xlfn.XLOOKUP(A9,Table3[Customer ID],Table3[children]) -> 2 | Q9: =_xlfn.XLOOKUP(A9,Table3[Customer ID],Table3[charges]) -> 49577.66 | R9: =_xlfn.XLOOKUP(A9,Table3[Customer ID],Table3[Hospital tier]) -> tier - 2 | S9: =_xlfn.XLOOKUP(A9,Table3[Customer ID],Table3[City tier]) -> tier - 2 | T9: =_xlfn.XLOOKUP(A9,Table3[Customer ID],Table3[State ID]) -> R1013
A10: ID9 | B10: =_xlfn.XLOOKUP(A10,Sheet3!A10:A2344,Sheet3!B10:B2344) -> Mr | C10: =_xlfn.XLOOKUP(A10,Sheet3!A10:A2344,Sheet3!C10:C2344) -> Moran | D10: =_xlfn.XLOOKUP(A10,Sheet3!A10:A2344,Sheet3!D10:D2344) -> Patrick R. | E10: =_xlfn.XLOOKUP(A10,Sheet1!$A$2:$A$2336,Sheet1!$B$2:$B$2336) -> 41.14 | F10: =_xlfn.XLOOKUP(Table4[[#This Row],[Customer ID]],Sheet1!A10:A2344,Sheet1!C10:C2344) -> 9.58 | G10: =_xlfn.XLOOKUP(Table4[[#This Row],[Customer ID]],Sheet1!A10:A2344,Sheet1!D10:D2344) -> yes | H10: =_xlfn.XLOOKUP(Table4[[#This Row],[Customer ID]],Sheet1!A10:A2344,Sheet1!E10:E2344) -> No | I10: =_xlfn.XLOOKUP(Table4[[#This Row],[Customer ID]],Sheet1!A10:A2344,Sheet1!F10:F2344) -> Yes | J10: =_xlfn.XLOOKUP(Table4[[#This Row],[Customer ID]],Sheet1!A10:A2344,Sheet1!G10:G2344) -> 1 | K10: =_xlfn.XLOOKUP(Table4[[#This Row],[Customer ID]],Sheet1!A10:A2344,Sheet1!H10:H2344) -> yes | L10: =_xlfn.XLOOKUP(Table4[[#This Row],[Customer ID]],Sheet1!A10:A2344,Sheet1!I10:I2344) -> Obesity | M10: =_xlfn.XLOOKUP(A10,Sheet1!A10:A2344,Sheet1!J10:J2344) -> Diabetes | N10: =_xlfn.XLOOKUP(Table4[[#This Row],[Customer ID]],Table3[Customer ID],Table3[Date2]) -> 4-Sep-1963 | O10: =_xlfn.XLOOKUP(A10,Table3[Customer ID],Table3[Age]) -> 59 | P10: =_xlfn.XLOOKUP(A10,Table3[Customer ID],Table3[children]) -> 1 | Q10: =_xlfn.XLOOKUP(A10,Table3[Customer ID],Table3[charges]) -> 48970.25 | R10: =_xlfn.XLOOKUP(A10,Table3[Customer ID],Table3[Hospital tier]) -> tier - 1 | S10: =_xlfn.XLOOKUP(A10,Table3[Customer ID],Table3[City tier]) -> tier - 2 | T10: =_xlfn.XLOOKUP(A10,Table3[Customer ID],Table3[State ID]) -> R1013
A11: ID10 | B11: =_xlfn.XLOOKUP(A11,Sheet3!A11:A2345,Sheet3!B11:B2345) -> Ms | C11: =_xlfn.XLOOKUP(A11,Sheet3!A11:A2345,Sheet3!C11:C2345) -> Benner | D11: =_xlfn.XLOOKUP(A11,Sheet3!A11:A2345,Sheet3!D11:D2345) -> Brooke N. | E11: =_xlfn.XLOOKUP(A11,Sheet1!$A$2:$A$2336,Sheet1!$B$2:$B$2336) -> 38.06 | F11: =_xlfn.XLOOKUP(Table4[[#This Row],[Customer ID]],Sheet1!A11:A2345,Sheet1!C11:C2345) -> 10.79 | G11: =_xlfn.XLOOKUP(Table4[[#This Row],[Customer ID]],Sheet1!A11:A2345,Sheet1!D11:D2345) -> No | H11: =_xlfn.XLOOKUP(Table4[[#This Row],[Customer ID]],Sheet1!A11:A2345,Sheet1!E11:E2345) -> No | I11: =_xlfn.XLOOKUP(Table4[[#This Row],[Customer ID]],Sheet1!A11:A2345,Sheet1!F11:F2345) -> No | J11: =_xlfn.XLOOKUP(Table4[[#This Row],[Customer ID]],Sheet1!A11:A2345,Sheet1!G11:G2345) -> 0 | K11: =_xlfn.XLOOKUP(Table4[[#This Row],[Customer ID]],Sheet1!A11:A2345,Sheet1!H11:H2345) -> yes | L11: =_xlfn.XLOOKUP(Table4[[#This Row],[Customer ID]],Sheet1!A11:A2345,Sheet1!I11:I2345) -> Obesity | M11: =_xlfn.XLOOKUP(A11,Sheet1!A11:A2345,Sheet1!J11:J2345) -> Diabetes | N11: =_xlfn.XLOOKUP(Table4[[#This Row],[Customer ID]],Table3[Customer ID],Table3[Date2]) -> 29-Dec-1978 | O11: =_xlfn.XLOOKUP(A11,Table3[Customer ID],Table3[Age]) -> 44 | P11: =_xlfn.XLOOKUP(A11,Table3[Customer ID],Table3[children]) -> 0 | Q11: =_xlfn.XLOOKUP(A11,Table3[Customer ID],Table3[charges]) -> 48885.14 | R11: =_xlfn.XLOOKUP(A11,Table3[Customer ID],Table3[Hospital tier]) -> tier - 1 | S11: =_xlfn.XLOOKUP(A11,Table3[Customer ID],Table3[City tier]) -> tier - 2 | T11: =_xlfn.XLOOKUP(A11,Table3[Customer ID],Table3[State ID]) -> R1013
A12: ID11 | B12: =_xlfn.XLOOKUP(A12,Sheet3!A12:A2346,Sheet3!B12:B2346) -> Ms | C12: =_xlfn.XLOOKUP(A12,Sheet3!A12:A2346,Sheet3!C12:C2346) -> Fierro Vargas | D12: =_xlfn.XLOOKUP(A12,Sheet3!A12:A2346,Sheet3!D12:D2346) -> Paola Andrea | E12: =_xlfn.XLOOKUP(A12,Sheet1!$A$2:$A$2336,Sheet1!$B$2:$B$2336) -> 37.7 | F12: =_xlfn.XLOOKUP(Table4[[#This Row],[Customer ID]],Sheet1!A12:A2346,Sheet1!C12:C2346) -> 5.96 | G12: =_xlfn.XLOOKUP(Table4[[#This Row],[Customer ID]],Sheet1!A12:A2346,Sheet1!D12:D2346) -> yes | H12: =_xlfn.XLOOKUP(Table4[[#This Row],[Customer ID]],Sheet1!A12:A2346,Sheet1!E12:E2346) -> No | I12: =_xlfn.XLOOKUP(Table4[[#This Row],[Customer ID]],Sheet1!A12:A2346,Sheet1!F12:F2346) -> No | J12: =_xlfn.XLOOKUP(Table4[[#This Row],[Customer ID]],Sheet1!A12:A2346,Sheet1!G12:G2346) -> 2 | K12: =_xlfn.XLOOKUP(Table4[[#This Row],[Customer ID]],Sheet1!A12:A2346,Sheet1!H12:H2346) -> yes | L12: =_xlfn.XLOOKUP(Table4[[#This Row],[Customer ID]],Sheet1!A12:A2346,Sheet1!I12:I2346) -> Obesity | M12: =_xlfn.XLOOKUP(A12,Sheet1!A12:A2346,Sheet1!J12:J2346) -> Prediabetes | N12: =_xlfn.XLOOKUP(Table4[[#This Row],[Customer ID]],Table3[Customer ID],Table3[Date2]) -> 22-Jul-1959 | O12: =_xlfn.XLOOKUP(A12,Table3[Customer ID],Table3[Age]) -> 63 | P12: =_xlfn.XLOOKUP(A12,Table3[Customer ID],Table3[children]) -> 0 | Q12: =_xlfn.XLOOKUP(A12,Table3[Customer ID],Table3[charges]) -> 48824.45 | R12: =_xlfn.XLOOKUP(A12,Table3[Customer ID],Table3[Hospital tier]) -> tier - 2 | S12: =_xlfn.XLOOKUP(A12,Table3[Customer ID],Table3[City tier]) -> tier - 1 | T12: =_xlfn.XLOOKUP(A12,Table3[Customer ID],Table3[State ID]) -> R1011
A13: ID12 | B13: =_xlfn.XLOOKUP(A13,Sheet3!A13:A2347,Sheet3!B13:B2347) -> Mr | C13: =_xlfn.XLOOKUP(A13,Sheet3!A13:A2347,Sheet3!C13:C2347) -> Franz | D13: =_xlfn.XLOOKUP(A13,Sheet3!A13:A2347,Sheet3!D13:D2347) -> David | E13: =_xlfn.XLOOKUP(A13,Sheet1!$A$2:$A$2336,Sheet1!$B$2:$B$2336) -> 42.13 | F13: =_xlfn.XLOOKUP(Table4[[#This Row],[Customer ID]],Sheet1!A13:A2347,Sheet1!C13:C2347) -> 11.9 | G13: =_xlfn.XLOOKUP(Table4[[#This Row],[Customer ID]],Sheet1!A13:A2347,Sheet1!D13:D2347) -> No | H13: =_xlfn.XLOOKUP(Table4[[#This Row],[Customer ID]],Sheet1!A13:A2347,Sheet1!E13:E2347) -> No | I13: =_xlfn.XLOOKUP(Table4[[#This Row],[Customer ID]],Sheet1!A13:A2347,Sheet1!F13:F2347) -> No | J13: =_xlfn.XLOOKUP(Table4[[#This Row],[Customer ID]],Sheet1!A13:A2347,Sheet1!G13:G2347) -> 0 | K13: =_xlfn.XLOOKUP(Table4[[#This Row],[Customer ID]],Sheet1!A13:A2347,Sheet1!H13:H2347) -> yes | L13: =_xlfn.XLOOKUP(Table4[[#This Row],[Customer ID]],Sheet1!A13:A2347,Sheet1!I13:I2347) -> Obesity | M13: =_xlfn.XLOOKUP(A13,Sheet1!A13:A2347,Sheet1!J13:J2347) -> Diabetes | N13: =_xlfn.XLOOKUP(Table4[[#This Row],[Customer ID]],Table3[Customer ID],Table3[Date2]) -> 27-Oct-1965 | O13: =_xlfn.XLOOKUP(A13,Table3[Customer ID],Table3[Age]) -> 57 | P13: =_xlfn.XLOOKUP(A13,Table3[Customer ID],Table3[children]) -> 1 | Q13: =_xlfn.XLOOKUP(A13,Table3[Customer ID],Table3[charges]) -> 48675.52 | R13: =_xlfn.XLOOKUP(A13,Table3[Customer ID],Table3[Hospital tier]) -> tier - 1 | S13: =_xlfn.XLOOKUP(A13,Table3[Customer ID],Table3[City tier]) -> tier - 2 | T13: =_xlfn.XLOOKUP(A13,Table3[Customer ID],Table3[State ID]) -> R1013
... A2336: ID2335 | B2336: =_xlfn.XLOOKUP(A2336,Sheet3!A2336:A4670,Sheet3!B2336:B4670) -> Mr | C2336: =_xlfn.XLOOKUP(A2336,Sheet3!A2336:A4670,Sheet3!C2336:C4670) -> German | D2336: =_xlfn.XLOOKUP(A2336,Sheet3!A2336:A4670,Sheet3!D2336:D4670) -> Aaron K | E2336: =_xlfn.XLOOKUP(A2336,Sheet1!$A$2:$A$2336,Sheet1!$B$2:$B$2336) -> 17.58 | F2336: =_xlfn.XLOOKUP(Table4[[#This Row],[Customer ID]],Sheet1!A2336:A4670,Sheet1!C2336:C4670) -> 4.51 | G2336: =_xlfn.XLOOKUP(Table4[[#This Row],[Customer ID]],Sheet1!A2336:A4670,Sheet1!D2336:D4670) -> No | H2336: =_xlfn.XLOOKUP(Table4[[#This Row],[Customer ID]],Sheet1!A2336:A4670,Sheet1!E2336:E4670) -> No | I2336: =_xlfn.XLOOKUP(Table4[[#This Row],[Customer ID]],Sheet1!A2336:A4670,Sheet1!F2336:F4670) -> No | J2336: =_xlfn.XLOOKUP(Table4[[#This Row],[Customer ID]],Sheet1!A2336:A4670,Sheet1!G2336:G4670) -> 1 | K2336: =_xlfn.XLOOKUP(Table4[[#This Row],[Customer ID]],Sheet1!A2336:A4670,Sheet1!H2336:H4670) -> No | L2336: =_xlfn.XLOOKUP(Table4[[#This Row],[Customer ID]],Sheet1!A2336:A4670,Sheet1!I2336:I4670) -> Under Weight | M2336: =_xlfn.XLOOKUP(A2336,Sheet1!A2336:A4670,Sheet1!J2336:J4670) -> Normal | N2336: =_xlfn.XLOOKUP(Table4[[#This Row],[Customer ID]],Table3[Customer ID],Table3[Date2]) -> 9-Jul-1992 | O2336: =_xlfn.XLOOKUP(A2336,Table3[Customer ID],Table3[Age]) -> 30 | P2336: =_xlfn.XLOOKUP(A2336,Table3[Customer ID],Table3[children]) -> 0 | Q2336: =_xlfn.XLOOKUP(A2336,Table3[Customer ID],Table3[charges]) -> 563.84 | R2336: =_xlfn.XLOOKUP(A2336,Table3[Customer ID],Table3[Hospital tier]) -> tier - 2 | S2336: =_xlfn.XLOOKUP(A2336,Table3[Customer ID],Table3[City tier]) -> tier - 3 | T2336: =_xlfn.XLOOKUP(A2336,Table3[Customer ID],Table3[State ID]) -> R1013
Q2337: =SUBTOTAL(101,Table4[charges]) -> 13529.918

Sheet Pivot tables
A1: Count of Customer ID | B1: Column Labels
A2: heart Issue | B2: Mr | C2: Mrs | D2: Ms | E2: Grand Total
A3: No | B3: 530 | C3: 79 | D3: 503 | E3: 1112
A4: yes | B4: 351 | C4: 63 | D4: 321 | E4: 735
A5: Grand Total | B5: 881 | C5: 142 | D5: 824 | E5: 1847
A7: Count of Customer ID | B7: Column Labels
A8: Smokers | B8: No | C8: Yes | D8: Grand Total
A9: No | B9: 1540 | C9: 307 | D9: 1847
A10: Grand Total | B10: 1540 | C10: 307 | D10: 1847
A16: Gender | B16: Count of BMI
A17: Mr | B17: 881
A18: Mrs | B18: 142
A19: Ms | B19: 824
A20: Grand Total | B20: 1847
A25: Gender | B25: Sum of charges
A26: Normal weight | B26: 2188479.1
A27: Obesity | B27: 9354653.5
A28: Over Weight | B28: 3351543.1
A29: Under Weight | B29: 627153.64
A30: Grand Total | B30: 15521829
A33: Smoker | B33: Count of Cancer history
A34: No | B34: 1847
A35: Grand Total | B35: 1847

Sheet Manual DashBoard
A1: Health Care Dash Board
A31: Insights
B32: Based on the data analysis, it is observed that non-smokers have a lower history of cancer compared to smokers. This indicates that smoking may be associated with a higher risk of developing cancer.

Sheet Final
A1: Customer ID | B1: Title | C1: First name | D1: BMI | E1: HBA1C | F1: Heart Issues | G1: Any Transplants | H1: Cancer history | I1: Medical Examinations | J1: smoker | K1: Weight Status | L1: Diabetes Status | M1: DOB | N1: Age | O1: charges | P1: Hospital tier | Q1: City tier | R1: State ID
A2: ID1 | B2: Ms | C2: Hawks | D2: 47.41 | E2: 7.47 | F2: No | G2: No | H2: No | I2: 0 | J2: yes | K2: Obesity | L2: Diabetes | M2: 25123 | N2: 54 | O2: 63770.43 | P2: tier - 1 | Q2: tier - 3 | R2: R1013
A3: ID2 | B3: Mr | C3: Lehner | D3: 30.36 | E3: 5.77 | F3: No | G3: No | H3: No | I3: 0 | J3: yes | K3: Obesity | L3: Prediabetes | M3: 28284 | N3: 46 | O3: 62592.87 | P3: tier - 2 | Q3: tier - 3 | R3: R1013
A4: ID3 | B4: Mr | C4: Lu | D4: 34.485 | E4: 11.87 | F4: yes | G4: No | H4: No | I4: 2 | J4: yes | K4: Obesity | L4: Diabetes | M4: 25822 | N4: 52 | O4: 60021.4 | P4: tier - 1 | Q4: tier - 1 | R4: R1012
A5: ID4 | B5: Ms | C5: Osborne | D5: 38.095 | E5: 6.05 | F5: No | G5: No | H5: No | I5: 0 | J5: yes | K5: Obesity | L5: Prediabetes | M5: 33395 | N5: 32 | O5: 58571.07 | P5: tier - 1 | Q5: tier - 3 | R5: R1024
A6: ID5 | B6: Ms | C6: Kadala | D6: 35.53 | E6: 5.45 | F6: No | G6: No | H6: No | I6: 0 | J6: yes | K6: Obesity | L6: Normal | M6: 32678 | N6: 33 | O6: 55135.4 | P6: tier - 1 | Q6: tier - 2 | R6: R1012
A7: ID6 | B7: Mr | C7: Baker | D7: 32.8 | E7: 6.59 | F7: No | G7: No | H7: No | I7: 0 | J7: yes | K7: Obesity | L7: Diabetes | M7: 22862 | N7: 60 | O7: 52590.83 | P7: tier - 1 | Q7: tier - 3 | R7: R1011
A8: ID7 | B8: Mr | C8: Macpherson | D8: 36.4 | E8: 6.07 | F8: No | G8: No | H8: No | I8: 0 | J8: yes | K8: Obesity | L8: Prediabetes | M8: 34634 | N8: 28 | O8: 51194.56 | P8: tier - 1 | Q8: tier - 3 | R8: R1011
A9: ID8 | B9: Mr | C9: Hallman | D9: 36.96 | E9: 7.93 | F9: No | G9: No | H9: No | I9: 3 | J9: yes | K9: Obesity | L9: Diabetes | M9: 21363 | N9: 64 | O9: 49577.66 | P9: tier - 2 | Q9: tier - 2 | R9: R1013
A10: ID9 | B10: Mr | C10: Moran | D10: 41.14 | E10: 9.58 | F10: yes | G10: No | H10: Yes | I10: 1 | J10: yes | K10: Obesity | L10: Diabetes | M10: 23258 | N10: 59 | O10: 48970.25 | P10: tier - 1 | Q10: tier - 2 | R10: R1013
A11: ID10 | B11: Ms | C11: Benner | D11: 38.06 | E11: 10.79 | F11: No | G11: No | H11: No | I11: 0 | J11: yes | K11: Obesity | L11: Diabetes | M11: 28853 | N11: 44 | O11: 48885.14 | P11: tier - 1 | Q11: tier - 2 | R11: R1013
A12: ID11 | B12: Ms | C12: Fierro Vargas | D12: 37.7 | E12: 5.96 | F12: yes | G12: No | H12: No | I12: 2 | J12: yes | K12: Obesity | L12: Prediabetes | M12: 21753 | N12: 63 | O12: 48824.45 | P12: tier - 2 | Q12: tier - 1 | R12: R1011
A13: ID12 | B13: Mr | C13: Franz | D13: 42.13 | E13: 11.9 | F13: No | G13: No | H13: No | I13: 0 | J13: yes | K13: Obesity | L13: Diabetes | M13: 24042 | N13: 57 | O13: 48675.52 | P13: tier - 1 | Q13: tier - 2 | R13: R1013
... A2336: ID2335 | B2336: Mr | C2336: German | D2336: 17.58 | E2336: 4.51 | F2336: No | G2336: No | H2336: No | I2336: 1 | J2336: No | K2336: Under Weight | L2336: Normal | M2336: 33794 | N2336: 30 | O2336: 563.84 | P2336: tier - 2 | Q2336: tier - 3 | R2336: R1013
